{
    "learning_rate": 0.0005055813384941767,
    "attention_head_size": 2,
    "hidden_size_multiple": 12,
    "hidden_continuous_size": 6,
    "dropout": 0.05320786192306635
}